<?xml version='1.0' encoding='utf-8' standalone='yes' ?>
<map>
    <boolean name="namespaceSharedPreferences" value="false" />
    <string name="device.id">8e8efb3c3f308445252c90dc4f5bc23b6dc88e73fa86f6bc15b58e8b47a891c8</string>
    <string name="project-settings-plan-wSgiSNwwTtjusY4M1GugEJ3I3kBxgBvU">{&quot;_lastModified&quot;:&quot;2026-02-17T07:02:35.116Z&quot;,&quot;integrations&quot;:{&quot;Amazon S3&quot;:{&quot;versionSettings&quot;:{&quot;componentTypes&quot;:[]}},&quot;Singular&quot;:{&quot;apiKey&quot;:&quot;crunchyrollinc_e8c79ab9&quot;,&quot;secret&quot;:&quot;aeb4fd44e51ee8d80a6266427e09b125&quot;,&quot;versionSettings&quot;:{&quot;componentTypes&quot;:[&quot;ios&quot;,&quot;android&quot;,&quot;server&quot;]},&quot;type&quot;:&quot;ios&quot;},&quot;Actions Google Analytic 4&quot;:{&quot;versionSettings&quot;:{&quot;componentTypes&quot;:[]}},&quot;Mixpanel (Actions)&quot;:{&quot;versionSettings&quot;:{&quot;componentTypes&quot;:[]},&quot;consentSettings&quot;:{&quot;categories&quot;:[&quot;C0001&quot;]}},&quot;Braze Cloud Mode (Actions)&quot;:{&quot;versionSettings&quot;:{&quot;componentTypes&quot;:[&quot;server&quot;]},&quot;type&quot;:&quot;server&quot;},&quot;Segment.io&quot;:{&quot;apiKey&quot;:&quot;wSgiSNwwTtjusY4M1GugEJ3I3kBxgBvU&quot;,&quot;unbundledIntegrations&quot;:[&quot;Mixpanel&quot;,&quot;Google Analytics&quot;],&quot;addBundledMetadata&quot;:true,&quot;maybeBundledConfigIds&quot;:{&quot;Singular&quot;:[&quot;60b0bb4d1f42e4c53a6dfc29&quot;]},&quot;versionSettings&quot;:{&quot;version&quot;:&quot;4.4.7&quot;,&quot;componentTypes&quot;:[&quot;browser&quot;]}}},&quot;plan&quot;:{&quot;track&quot;:{&quot;__default&quot;:{&quot;enabled&quot;:true,&quot;integrations&quot;:{}}},&quot;identify&quot;:{&quot;__default&quot;:{&quot;enabled&quot;:true}},&quot;group&quot;:{&quot;__default&quot;:{&quot;enabled&quot;:true}}},&quot;edgeFunction&quot;:{},&quot;analyticsNextEnabled&quot;:true,&quot;middlewareSettings&quot;:{},&quot;enabledMiddleware&quot;:{},&quot;metrics&quot;:{&quot;sampleRate&quot;:0.1},&quot;legacyVideoPluginsEnabled&quot;:false,&quot;remotePlugins&quot;:[{&quot;name&quot;:&quot;Braze Cloud Mode (Actions)&quot;,&quot;creationName&quot;:&quot;Braze Cloud Mode (Actions)&quot;,&quot;libraryName&quot;:&quot;braze-cloud-pluginsDestination&quot;,&quot;url&quot;:&quot;https://cdn.segment.com/next-integrations/actions/braze-cloud-plugins/c3dbe2dde9d1804663f0.js&quot;,&quot;settings&quot;:{&quot;versionSettings&quot;:{&quot;componentTypes&quot;:[&quot;server&quot;]},&quot;type&quot;:&quot;server&quot;,&quot;subscriptions&quot;:[]}}],&quot;consentSettings&quot;:{&quot;hasUnmappedDestinations&quot;:true,&quot;allCategories&quot;:[&quot;C0001&quot;]},&quot;autoInstrumentationSettings&quot;:{&quot;disableTraffic&quot;:false,&quot;sampleRate&quot;:0.0},&quot;timestamp&quot;:1771352080890}</string>
    <int name="build" value="941" />
    <string name="version">3.87.1</string>
    <string name="traits-wSgiSNwwTtjusY4M1GugEJ3I3kBxgBvU">{&quot;pushNotificationAndroid&quot;:&quot;disabled&quot;,&quot;anonymousId&quot;:&quot;c8ffc50d-485c-4a47-ba43-29164a934ff5&quot;,&quot;subscriber_key&quot;:&quot;40fac045bf3e70f06172921b16ae6308be7e08091cb625f1aa542019641f6252&quot;,&quot;syncUsingCellular&quot;:false,&quot;userId&quot;:&quot;f3c165e0-6709-5653-93a1-5c054de264b6&quot;,&quot;subStatus&quot;:&quot;Mega Fan&quot;,&quot;createdAt&quot;:&quot;2026-02-17T18:04:34+0000&quot;,&quot;phoneNumber&quot;:&quot;&quot;,&quot;pushNotificationOptOut&quot;:&quot;&quot;,&quot;externalUserId&quot;:&quot;1265173088&quot;,&quot;profileId&quot;:&quot;f3c165e0-6709-5653-93a1-5c054de264b6&quot;,&quot;email&quot;:&quot;lizahere18@gmail.com&quot;,&quot;username&quot;:&quot;&quot;}</string>
</map>
