<?xml version='1.0' encoding='utf-8' standalone='yes' ?>
<map>
    <long name="first_open_time" value="1768963635121" />
    <string name="gmp_app_id">1:367269008986:android:79b1ca5495411124</string>
    <string name="app_instance_id">cc331782a45c052bdeefcc4d87ad8169</string>
    <boolean name="has_been_opened" value="true" />
    <boolean name="app_backgrounded" value="true" />
    <boolean name="allow_remote_dynamite" value="true" />
    <long name="health_monitor:start" value="1768963651778" />
    <boolean name="use_service" value="true" />
    <boolean name="start_new_session" value="true" />
</map>
