<?xml version='1.0' encoding='utf-8' standalone='yes' ?>
<map>
    <long name="fire-count" value="1" />
    <string name="last-used-date">2026-01-23</string>
    <long name="fire-global" value="1769137631545" />
    <set name="device-name/V2513i kotlin/2.0.21 android-min-sdk/29 device-brand/vivo fire-cls/18.6.4 fire-analytics/21.3.0 fire-sessions/1.2.4 fire-cls-ndk/18.6.4 fire-core-ktx/20.4.2 fire-core/20.4.2 fire-android/35 fire-iid/20.1.6 android-installer/com.google.android.packageinstaller fire-installations/17.2.0 android-platform/ android-target-sdk/27 fire-transport/18.1.8 device-model/V2513 fire-fcm/20.1.6">
        <string>2026-01-23</string>
    </set>
</map>
