{"Fid":"dc3TyilUQvWOc7t46t8Fvi","Status":3,"RefreshToken":"3_AS3qfwINx7PeBz3TlagSO8-BFj1OctkuoBk3gYtEnFvLntdMKciy0-D1wR4cxKcmKQNtOdx2ugIfqXUhZkyyTCbxZiUZ77x6GQHjGJulnUkaYbY","AuthToken":"eyJhbGciOiJFUzI1NiIsInR5cCI6IkpXVCJ9.eyJhcHBJZCI6IjE6MzY3MjY5MDA4OTg2OmFuZHJvaWQ6NzliMWNhNTQ5NTQxMTEyNCIsImV4cCI6MTc2OTc0MjQzMiwiZmlkIjoiZGMzVHlpbFVRdldPYzd0NDZ0OEZ2aSIsInByb2plY3ROdW1iZXIiOjM2NzI2OTAwODk4Nn0.AB2LPV8wRAIgCDECVC-kt5eaBuWaqYTE1wQ2BzMFUvD6XeiFavhX_1ICIBwGp9SZCAgkzKligycIfpYg3F05MMVf38CcaOs1oKdA","TokenCreationEpochInSecs":1769137632,"ExpiresInSecs":604800}