{"Fid":"dSHznwp9TOuzYDkIJsIv8w","Status":3,"RefreshToken":"3_AS3qfwIQv7j-_jIGkLx0EVV_OD_yhghMYFecpjx_wMk4jZGzQnE4HswBPv4R2XhjkicJ-GMB0cTMSVoiZbkkZtr2pSdYl2Mc7paFi13GspFrBx4","AuthToken":"eyJhbGciOiJFUzI1NiIsInR5cCI6IkpXVCJ9.eyJhcHBJZCI6IjE6MzY3MjY5MDA4OTg2OmFuZHJvaWQ6NzliMWNhNTQ5NTQxMTEyNCIsImV4cCI6MTc2OTU2ODQzNiwiZmlkIjoiZFNIem53cDlUT3V6WURrSUpzSXY4dyIsInByb2plY3ROdW1iZXIiOjM2NzI2OTAwODk4Nn0.AB2LPV8wRgIhAKX4oz-jIPNdow3j5jqeEVhldY2Gbz0r7WwAxh1ntcMcAiEAuy-CsgZSILCYxEuCksq6eYpgLCZqjje504bq6rUM7K0","TokenCreationEpochInSecs":1768963636,"ExpiresInSecs":604800}