{"Fid":"dKVYSJONRoqc52jgTiFwlX","Status":3,"RefreshToken":"3_AS3qfwJCwrSjZh6q-Hhw2526-kqxXTPeyfWuTAjxwIx1I40zti9qIu3WfJfmDJClPhhbhmOR23NFiAlyFTZMQas5E5zIl65muTvz-3UojHGeXg","AuthToken":"eyJhbGciOiJFUzI1NiIsInR5cCI6IkpXVCJ9.eyJhcHBJZCI6IjE6MzY3MjY5MDA4OTg2OmFuZHJvaWQ6NzliMWNhNTQ5NTQxMTEyNCIsImV4cCI6MTc2ODYxOTQwMiwiZmlkIjoiZEtWWVNKT05Sb3FjNTJqZ1RpRndsWCIsInByb2plY3ROdW1iZXIiOjM2NzI2OTAwODk4Nn0.AB2LPV8wRAIgWpbKYii8q0ZNyKPsH2QIsChrGRXNBS0DFXNQlvp1GewCIAQ14EQqPRuY5aMqlUptSiZT0ROt8Az0yFxcpVA0yfLh","TokenCreationEpochInSecs":1768014602,"ExpiresInSecs":604800}