{"Fid":"eQWbwHzeQLGnCvo4tWfsGn","Status":3,"RefreshToken":"3_AS3qfwJelaOo7MU7XJ1ktzkCcpPTtepeXx5R_d5yHCHf4qPiu9cMH6Moal0WzXdcX3I4ckhP7igveNKuMojmvqfjjZR-i4y1N3pgmzYDcODSPK8","AuthToken":"eyJhbGciOiJFUzI1NiIsInR5cCI6IkpXVCJ9.eyJhcHBJZCI6IjE6MzY3MjY5MDA4OTg2OmFuZHJvaWQ6NzliMWNhNTQ5NTQxMTEyNCIsImV4cCI6MTc3MTk1Njg3OSwiZmlkIjoiZVFXYndIemVRTEduQ3ZvNHRXZnNHbiIsInByb2plY3ROdW1iZXIiOjM2NzI2OTAwODk4Nn0.AB2LPV8wRAIgcwKoEJOjXkuv1Sx1Y5amwdNJiJQrjL7tBqhVUZ4-_PsCIF8rLNkRKCn0_Sg_4aHPMenMcilR53O8EGPj7Ymh0Moz","TokenCreationEpochInSecs":1771352080,"ExpiresInSecs":604800}